	From	To	probability
0	T	C	0.6814404432132964
1	G	A	0.34837799717912554
2	A	G	0.6957746478873239
3	A	C	0.15774647887323945
4	C	T	0.9385113268608414
5	C	A	0.04773462783171521
6	G	T	0.61212976022567
7	A	T	0.14647887323943662
8	T	A	0.14958448753462603
9	C	G	0.013754045307443365
10	G	C	0.039492242595204514
11	T	G	0.16897506925207756
