	frome	to	probability
0	U	C	0.09244644870349493
1	G	A	0.09282224727546036
2	A	G	0.09282224727546036
3	A	C	0.021044720030063885
4	C	U	0.4359263434798948
5	C	A	0.022172115745960164
6	G	U	0.16309658023299511
7	A	U	0.01954152574220218
8	U	A	0.020293122886133032
9	C	G	0.006388575723412251
10	G	C	0.010522360015031942
11	U	G	0.022923712889891017
