	From	To	probability
0	A	C	0.14285714285714285
1	A	G	0.6477272727272727
2	A	T	0.20941558441558442
3	C	A	0.05368790767686904
4	C	G	0.024586051179126944
5	C	T	0.921726041144004
6	G	A	0.29817275747508304
7	G	C	0.06561461794019934
8	G	T	0.6362126245847176
9	T	A	0.2024353120243531
10	T	C	0.6179604261796042
11	T	G	0.1796042617960426
